id,grid_company,hour_of_day,is_weekend,tariff_sek_kwh,valid_from,valid_to,source_id,tariff_type,month_from,month_to,season,fixed_fee_sek_month,peak_fee_sek_kw,raw_response
1f2f8c3b-ff69-424a-8057-434cd0060272,Ellevio,6,False,0.51,2025-01-01,,,energy,1.0,3.0,högtid,,,
4129a72b-4d45-4db6-9cc0-d38483bb67a6,Ellevio,7,False,0.51,2025-01-01,,,energy,1.0,3.0,högtid,,,
5d9a5ee9-75ee-4098-a908-19484e88ec17,Ellevio,8,False,0.51,2025-01-01,,,energy,1.0,3.0,högtid,,,
908ca5c6-d3a5-48e5-b967-fce869d7a42e,Ellevio,9,False,0.51,2025-01-01,,,energy,1.0,3.0,högtid,,,
4b2d25af-f2f2-45ea-9130-b470b66012a1,Ellevio,10,False,0.51,2025-01-01,,,energy,1.0,3.0,högtid,,,
0b303b67-5a73-4a87-9fb2-231ee73ed633,Ellevio,11,False,0.51,2025-01-01,,,energy,1.0,3.0,högtid,,,
3e634021-ddf4-494c-9763-14480ffe25d2,Ellevio,13,False,0.51,2025-01-01,,,energy,1.0,3.0,högtid,,,
17b8b6ad-5927-4ebb-b12b-a87f4d73a143,Ellevio,14,False,0.51,2025-01-01,,,energy,1.0,3.0,högtid,,,
f8a72e90-e9d9-42c5-9315-86e6a0fed5f0,Ellevio,15,False,0.51,2025-01-01,,,energy,1.0,3.0,högtid,,,
4178d19f-69bd-4a70-9763-7185c0a1bd0d,Ellevio,16,False,0.51,2025-01-01,,,energy,1.0,3.0,högtid,,,
4c30f5ec-725b-4eeb-8c71-cbd32dcdc1c2,Ellevio,17,False,0.51,2025-01-01,,,energy,1.0,3.0,högtid,,,
041031fd-cbed-45ef-bf27-968ffdd42786,Ellevio,19,False,0.51,2025-01-01,,,energy,1.0,3.0,högtid,,,
f7f6092e-eeef-4e19-b767-8c487041712f,Ellevio,20,False,0.51,2025-01-01,,,energy,1.0,3.0,högtid,,,
21727c80-115b-4398-9032-fec5fd6c48df,Ellevio,21,False,0.51,2025-01-01,,,energy,1.0,3.0,högtid,,,
f1e7b836-87ea-4292-9a7e-917746fc3f1f,Ellevio,1,False,0.16,2025-01-01,,,energy,1.0,3.0,lågtid,,,
ae2b4045-b18f-4782-ad51-f4511175809a,Ellevio,2,False,0.16,2025-01-01,,,energy,1.0,3.0,lågtid,,,
45d2aaef-7487-4ce1-9e2e-665ca4a30b80,Ellevio,3,False,0.16,2025-01-01,,,energy,1.0,3.0,lågtid,,,
5d411079-cf93-4d41-b11c-5f72f8f50034,Ellevio,4,False,0.16,2025-01-01,,,energy,1.0,3.0,lågtid,,,
ba8321db-6947-446d-84ff-245b2f5292f2,Ellevio,5,False,0.16,2025-01-01,,,energy,1.0,3.0,lågtid,,,
4dc2f5d6-bea6-4aeb-912f-2c04ebab697c,Ellevio,22,False,0.16,2025-01-01,,,energy,1.0,3.0,lågtid,,,
52573f28-a2cc-4180-8201-13a0ee6f2035,Ellevio,23,False,0.16,2025-01-01,,,energy,1.0,3.0,lågtid,,,
104cb681-2686-4102-b4c7-d7f18a9fe081,Ellevio,0,False,0.11,2025-01-01,,,energy,4.0,10.0,sommar,,,
a0f43889-a8e2-4ad3-ab4d-2b83080b0fed,Ellevio,12,False,0.11,2025-01-01,,,energy,4.0,10.0,sommar,,,
0af363d3-dc62-4c36-8bbd-22a42ddb9e0f,Ellevio,18,False,0.11,2025-01-01,,,energy,4.0,10.0,sommar,,,
08268110-53c5-4714-82b0-1f8800ef36bd,Kraftringen Nät,11,True,0.42,2025-01-01,,,energy,,,,,,
95d9d299-ebc8-43a6-8d0f-31b0dc8bb904,Ellevio,17,True,0.51,2025-01-01,,,energy,,,,,,
47533803-39f5-4da6-87aa-fd82d7745780,Kraftringen Nät,20,True,0.13,2025-01-01,,,energy,,,,,,
3e9b8f1d-fb4b-467a-9e8f-9643cd037aad,Göteborg Energi Nät,4,True,0.12,2025-01-01,,,energy,,,,,,
6972ffd3-5e2c-40e1-a1af-e0aba638a326,Luleå Energi Elnät,0,True,0.07,2025-01-01,,,energy,,,,,,
77440451-4d01-4ec9-b88e-f6a7883d847e,Vattenfall Eldistribution,14,True,0.48,2025-01-01,,,energy,,,,,,
626f01b9-a34d-4fa6-bab1-5c648764b256,Umeå Energi Elnät,7,True,0.31,2025-01-01,,,energy,,,,,,
ea0b8dc8-8d29-4b14-aee4-2722af887b8b,Jämtkraft Elnät,21,True,0.12,2025-01-01,,,energy,,,,,,
3462fe70-6eb4-44c4-955b-48a8fa9ea65b,E.ON Energidistribution,8,True,0.46,2025-01-01,,,energy,,,,,,
e4f07e52-7f72-48a6-8fcb-ddbf44e02268,E.ON Energidistribution,13,True,0.46,2025-01-01,,,energy,,,,,,
2b183a5b-f4d6-41e9-8c0f-355485e15c1f,Vattenfall Eldistribution,21,True,0.15,2025-01-01,,,energy,,,,,,
5b2abec7-e2bb-4449-a98c-6bd2bde9dd1c,Kraftringen Nät,19,True,0.13,2025-01-01,,,energy,,,,,,
5384af5f-6ff0-46ef-b927-10d599805b22,Skellefteå Kraft Elnät,0,True,0.08,2025-01-01,,,energy,,,,,,
4679c8b9-8b2c-4903-87c4-dd8b84e6a3b9,Jämtkraft Elnät,6,True,0.38,2025-01-01,,,energy,,,,,,
2b6478bf-d430-4efb-a70a-d92036e8f886,Jämtkraft Elnät,22,True,0.12,2025-01-01,,,energy,,,,,,
80ad97e7-3e08-441d-9546-cbe0d5237067,Kraftringen Nät,13,True,0.42,2025-01-01,,,energy,,,,,,
49ca64c8-6b1a-49f8-b7a1-6b7d9ba3a983,Umeå Energi Elnät,14,True,0.31,2025-01-01,,,energy,,,,,,
6d558e52-3e1e-4488-af07-c2bc6bbe1d90,Vattenfall Eldistribution,23,True,0.15,2025-01-01,,,energy,,,,,,
6889a116-a6d4-4e7d-a747-b6fa5a4151dc,Ellevio,7,True,0.51,2025-01-01,,,energy,,,,,,
d29b04cd-9e4f-430f-877e-1000274c90f7,Skellefteå Kraft Elnät,11,True,0.29,2025-01-01,,,energy,,,,,,
2475e04d-6594-4b51-96ca-be8d9f560f8f,Ellevio,6,True,0.51,2025-01-01,,,energy,,,,,,
00e3f3f6-edb4-42e6-90a2-cc6c6ea28b15,Göteborg Energi Nät,17,True,0.52,2025-01-01,,,energy,,,,,,
e2f27f19-0bca-439c-a375-61d5f37f253b,Kraftringen Nät,7,True,0.42,2025-01-01,,,energy,,,,,,
ac6988b7-c576-469f-9025-8a304bfb6117,Vattenfall Eldistribution,5,True,0.15,2025-01-01,,,energy,,,,,,
5ca87b8f-8ccd-4a57-bbab-85edf0c0a2d0,Umeå Energi Elnät,10,True,0.31,2025-01-01,,,energy,,,,,,
ca268a1b-1bf6-4ef4-9339-ea74900d29c4,Göteborg Energi Nät,5,True,0.18,2025-01-01,,,energy,,,,,,
3785ade6-a875-478c-b526-a1f6c3d20ece,Jämtkraft Elnät,14,True,0.38,2025-01-01,,,energy,,,,,,
75c4eb07-1392-4ac5-9415-10684cba9833,Jämtkraft Elnät,8,True,0.38,2025-01-01,,,energy,,,,,,
faf82f27-a616-44f6-b80e-c0fb89949e43,Jämtkraft Elnät,9,True,0.38,2025-01-01,,,energy,,,,,,
07f83840-491d-4ef4-a93a-48965db1f2dd,Ellevio,11,True,0.51,2025-01-01,,,energy,,,,,,
b0081ce8-9d61-45e4-b1b9-03b87d698e53,Luleå Energi Elnät,23,True,0.09,2025-01-01,,,energy,,,,,,
861db342-a85a-49ed-a834-5560d0c31b32,Kraftringen Nät,15,True,0.42,2025-01-01,,,energy,,,,,,
7b7b5ebb-84cd-429d-a86e-27041f92a8f3,E.ON Energidistribution,11,True,0.46,2025-01-01,,,energy,,,,,,
857d2702-b0eb-4420-b0ef-fbcf66005606,Luleå Energi Elnät,11,True,0.07,2025-01-01,,,energy,,,,,,
eae2f974-61c4-4162-8fc1-dae287e4bfd8,E.ON Energidistribution,12,True,0.46,2025-01-01,,,energy,,,,,,
e453656c-f4dc-4b6c-96dc-7660414e7bb6,E.ON Energidistribution,2,True,0.14,2025-01-01,,,energy,,,,,,
0d59c7fb-146e-402a-b461-44cb671b0224,Ellevio,10,True,0.51,2025-01-01,,,energy,,,,,,
b9fa0405-2d6a-49b0-9b67-014d70667c96,Jämtkraft Elnät,15,True,0.38,2025-01-01,,,energy,,,,,,
7a2753b7-2b6f-4559-bd48-3f6e419c9c59,E.ON Energidistribution,10,True,0.46,2025-01-01,,,energy,,,,,,
27b6799a-d12f-4e8a-b4b5-1321665df67b,Jämtkraft Elnät,3,True,0.12,2025-01-01,,,energy,,,,,,
d678f944-272f-464f-9462-a0b92126b5d3,Luleå Energi Elnät,4,True,0.07,2025-01-01,,,energy,,,,,,
acd552d7-278f-4c0f-a37d-121f4c6f1830,Vattenfall Eldistribution,17,True,0.48,2025-01-01,,,energy,,,,,,
7d83f84f-a57f-462c-8638-41bc824e7481,Ellevio,18,True,0.11,2025-01-01,,,energy,,,,,,
43f3bd5f-1a1d-428d-850b-424edac19929,E.ON Energidistribution,1,True,0.14,2025-01-01,,,energy,,,,,,
5189da63-4078-4993-965d-e7bf8ccc67ad,Skellefteå Kraft Elnät,9,True,0.29,2025-01-01,,,energy,,,,,,
db69ad16-eb93-46a9-818d-81ee66da5ef3,Kraftringen Nät,10,True,0.42,2025-01-01,,,energy,,,,,,
1f4562b8-a37b-46c7-a708-58420e687b4d,Umeå Energi Elnät,15,True,0.31,2025-01-01,,,energy,,,,,,
1a7cbc76-d138-4650-abaf-d44ac8508f66,Skellefteå Kraft Elnät,10,True,0.29,2025-01-01,,,energy,,,,,,
70e7f01a-e846-492c-892f-353a65541d63,Vattenfall Eldistribution,0,True,0.15,2025-01-01,,,energy,,,,,,
75fd3562-fa64-405f-81d3-aa26cb7bf975,Luleå Energi Elnät,18,True,0.32,2025-01-01,,,energy,,,,,,
05ba5f28-3e87-4f62-9cfb-d877abaf49e0,Ellevio,13,True,0.51,2025-01-01,,,energy,,,,,,
b12963c4-b5d5-4a43-aa67-c40b7d59e736,E.ON Energidistribution,9,True,0.46,2025-01-01,,,energy,,,,,,
0823db77-9dc0-419b-9786-9f30ea50636e,Luleå Energi Elnät,9,True,0.07,2025-01-01,,,energy,,,,,,
79d4ce29-1b37-4427-927c-00a4e8850f27,Ellevio,15,True,0.51,2025-01-01,,,energy,,,,,,
da38caa2-7f9c-4da3-aa79-fcd1135128a9,Göteborg Energi Nät,14,True,0.52,2025-01-01,,,energy,,,,,,
a8771af9-6840-40a7-958f-e073dfc5831a,E.ON Energidistribution,22,True,0.14,2025-01-01,,,energy,,,,,,
3c453c88-a40f-4f60-abb6-83115e06efeb,Kraftringen Nät,16,True,0.42,2025-01-01,,,energy,,,,,,
e57fa836-715f-4f9f-91f8-d3a1fd508117,E.ON Energidistribution,14,True,0.46,2025-01-01,,,energy,,,,,,
330f1a8c-ba7c-4855-83a5-74bda5e82a73,Umeå Energi Elnät,16,True,0.31,2025-01-01,,,energy,,,,,,
88418627-148d-4c67-b704-b45b2be6b51e,Umeå Energi Elnät,17,True,0.31,2025-01-01,,,energy,,,,,,
a4d5ea6d-d55d-4793-bb02-74090bb329c7,Ellevio,4,True,0.16,2025-01-01,,,energy,,,,,,
f86c2e95-902f-4d25-85d5-5b84d1a78766,Skellefteå Kraft Elnät,15,True,0.29,2025-01-01,,,energy,,,,,,
1ad495bd-555b-48f5-aa81-ca661e9f11c3,Göteborg Energi Nät,9,True,0.52,2025-01-01,,,energy,,,,,,
f4d49220-62d5-42c9-a5dc-db4802a4a087,Luleå Energi Elnät,5,True,0.09,2025-01-01,,,energy,,,,,,
4d85f17d-ce26-4915-a72c-fe32cc48ff69,Luleå Energi Elnät,15,True,0.07,2025-01-01,,,energy,,,,,,
29665be3-6261-492d-aae4-57422c974fcc,Göteborg Energi Nät,8,True,0.12,2025-01-01,,,energy,,,,,,
f0de21d5-4d0b-485d-bb91-a5fa0f86a796,Ellevio,8,True,0.51,2025-01-01,,,energy,,,,,,
f49c386d-741f-4d79-b3e1-5597624351f9,E.ON Energidistribution,6,True,0.46,2025-01-01,,,energy,,,,,,
5946a5a9-c072-4a28-aabd-0c54aee5f743,Göteborg Energi Nät,1,True,0.18,2025-01-01,,,energy,,,,,,
ff5ab976-c1b0-4d2e-94d7-8fd25718f6d4,Jämtkraft Elnät,11,True,0.38,2025-01-01,,,energy,,,,,,
a8fcb612-7e7d-4568-ba70-2a5b04c0f39d,Skellefteå Kraft Elnät,3,True,0.08,2025-01-01,,,energy,,,,,,
2477919b-19e3-46cf-9890-c091e08e04c0,Jämtkraft Elnät,10,True,0.38,2025-01-01,,,energy,,,,,,
c7926156-077b-4fe6-bac0-6e8c4e421b7f,Vattenfall Eldistribution,2,True,0.15,2025-01-01,,,energy,,,,,,
e90f40ad-061e-4966-98f5-5d069bba83a0,Göteborg Energi Nät,7,True,0.12,2025-01-01,,,energy,,,,,,
896abff7-f13b-4b8c-bf3d-0cb08aa47863,Skellefteå Kraft Elnät,20,True,0.29,2025-01-01,,,energy,,,,,,
176709ea-8fa3-4272-a521-6b388a2dac57,Kraftringen Nät,0,True,0.13,2025-01-01,,,energy,,,,,,
b18b5958-9254-4f1b-903a-c1ba844aff08,Vattenfall Eldistribution,16,True,0.48,2025-01-01,,,energy,,,,,,
f0b7c449-6d86-4e28-9aae-4c4e61be01da,Göteborg Energi Nät,11,True,0.52,2025-01-01,,,energy,,,,,,
e4820af1-4a60-4786-8c09-d218d54cb0c1,E.ON Energidistribution,15,True,0.46,2025-01-01,,,energy,,,,,,
4be23331-638b-4f36-b283-1f322b711808,Umeå Energi Elnät,3,True,0.085,2025-01-01,,,energy,,,,,,
a4672f92-5efe-4231-b1cb-0e841e15f49b,E.ON Energidistribution,5,True,0.14,2025-01-01,,,energy,,,,,,
9657b0a0-ff83-41b9-813e-bd0e11123a4b,Kraftringen Nät,4,True,0.13,2025-01-01,,,energy,,,,,,
89737e70-1892-4707-b717-c303dfbb20e9,Luleå Energi Elnät,20,False,0.07,2025-01-01,,9b136686-4850-4dcb-8568-8b3b97c1a46f,energy,4.0,10.0,sommar,,,
30143ec0-8099-4bf5-a437-5af442e89443,Luleå Energi Elnät,16,False,0.07,2025-01-01,,9b136686-4850-4dcb-8568-8b3b97c1a46f,energy,4.0,10.0,sommar,,,
8e51e773-fda5-4f62-8f80-dd8f636dba8f,Luleå Energi Elnät,15,False,0.07,2025-01-01,,9b136686-4850-4dcb-8568-8b3b97c1a46f,energy,4.0,10.0,sommar,,,
32c40d22-1c8d-4a7d-bf48-8680470e8e68,Luleå Energi Elnät,14,False,0.07,2025-01-01,,9b136686-4850-4dcb-8568-8b3b97c1a46f,energy,4.0,10.0,sommar,,,
d7a165f0-1928-4e41-9f70-5abe16de515c,Luleå Energi Elnät,11,False,0.07,2025-01-01,,9b136686-4850-4dcb-8568-8b3b97c1a46f,energy,4.0,10.0,sommar,,,
cb744dbb-9bc1-46dd-8418-0874161fec1a,Luleå Energi Elnät,9,False,0.07,2025-01-01,,9b136686-4850-4dcb-8568-8b3b97c1a46f,energy,4.0,10.0,sommar,,,
8a8cccd4-e145-42c0-825b-c6e36b476ced,Luleå Energi Elnät,8,False,0.07,2025-01-01,,9b136686-4850-4dcb-8568-8b3b97c1a46f,energy,4.0,10.0,sommar,,,
205ff9c4-76e7-44d0-b1e0-4fd2bac2355b,Luleå Energi Elnät,7,False,0.07,2025-01-01,,9b136686-4850-4dcb-8568-8b3b97c1a46f,energy,4.0,10.0,sommar,,,
2e11ff09-29a5-40af-bc4c-68f8590b8e93,Luleå Energi Elnät,4,False,0.07,2025-01-01,,9b136686-4850-4dcb-8568-8b3b97c1a46f,energy,4.0,10.0,sommar,,,
73f14b9a-e8a5-4dc2-abeb-77caa7582d60,Luleå Energi Elnät,3,False,0.07,2025-01-01,,9b136686-4850-4dcb-8568-8b3b97c1a46f,energy,4.0,10.0,sommar,,,
7c297395-183c-48d8-99f7-e9bada25956a,Luleå Energi Elnät,2,False,0.07,2025-01-01,,9b136686-4850-4dcb-8568-8b3b97c1a46f,energy,4.0,10.0,sommar,,,
3f07f0e1-a0e3-4708-abc5-fd304b050de3,Luleå Energi Elnät,1,False,0.07,2025-01-01,,9b136686-4850-4dcb-8568-8b3b97c1a46f,energy,4.0,10.0,sommar,,,
4daab297-1e48-4a14-9c07-38db4d813861,Luleå Energi Elnät,0,False,0.07,2025-01-01,,9b136686-4850-4dcb-8568-8b3b97c1a46f,energy,4.0,10.0,sommar,,,
af77c21f-95db-4cc4-bb50-23594ab3f263,Luleå Energi Elnät,23,False,0.09,2025-01-01,,9b136686-4850-4dcb-8568-8b3b97c1a46f,energy,1.0,3.0,lågtid,,,
7d05b9e7-a539-4b6d-9650-e1cbb76aa630,Luleå Energi Elnät,22,False,0.09,2025-01-01,,9b136686-4850-4dcb-8568-8b3b97c1a46f,energy,1.0,3.0,lågtid,,,
43519b83-0480-467a-a6ee-bf851548a663,Luleå Energi Elnät,5,False,0.09,2025-01-01,,9b136686-4850-4dcb-8568-8b3b97c1a46f,energy,1.0,3.0,lågtid,,,
c2367ae0-6353-4b71-8c33-0c74a41d7c58,Luleå Energi Elnät,21,False,0.32,2025-01-01,,9b136686-4850-4dcb-8568-8b3b97c1a46f,energy,1.0,3.0,högtid,,,
078d29f9-512d-4a74-a20a-4ffcb820367e,Luleå Energi Elnät,19,False,0.32,2025-01-01,,9b136686-4850-4dcb-8568-8b3b97c1a46f,energy,1.0,3.0,högtid,,,
8c65ff56-8ce8-4058-8b78-29db9787aca0,Luleå Energi Elnät,18,False,0.32,2025-01-01,,9b136686-4850-4dcb-8568-8b3b97c1a46f,energy,1.0,3.0,högtid,,,
8a5bfd87-8ad1-4404-a0a3-e99cee5f3bc0,Luleå Energi Elnät,17,False,0.32,2025-01-01,,9b136686-4850-4dcb-8568-8b3b97c1a46f,energy,1.0,3.0,högtid,,,
80f5d907-d016-4201-8d9e-0e1f4ebdd073,Kraftringen Nät,17,True,0.42,2025-01-01,,,energy,,,,,,
2f2a53ec-ab0b-4f7d-b6eb-49a82fe3be43,Ellevio,5,True,0.16,2025-01-01,,,energy,,,,,,
ce1026fc-4168-4ca3-95aa-0afe1fed6d5c,Jämtkraft Elnät,1,True,0.12,2025-01-01,,,energy,,,,,,
dd316514-b7df-418c-bb5b-ea24fb6c8866,Vattenfall Eldistribution,13,True,0.48,2025-01-01,,,energy,,,,,,
632aa908-9df8-49bf-b7b5-b189155d8c57,Luleå Energi Elnät,13,False,0.32,2025-01-01,,9b136686-4850-4dcb-8568-8b3b97c1a46f,energy,1.0,3.0,högtid,,,
f05b6b5e-9e6a-45da-92b7-9c49a1d06b99,Luleå Energi Elnät,12,False,0.32,2025-01-01,,9b136686-4850-4dcb-8568-8b3b97c1a46f,energy,1.0,3.0,högtid,,,
1256a860-f720-47ee-9507-e86fa5ac0ec6,Göteborg Energi Nät,23,False,0.12,2025-01-01,,c19e418d-76d5-4bf2-aabb-fe54c61ee2a4,energy,4.0,10.0,sommar,,,
1d9cdb98-500e-4153-bc36-fd0d49c5796f,Göteborg Energi Nät,18,False,0.12,2025-01-01,,c19e418d-76d5-4bf2-aabb-fe54c61ee2a4,energy,4.0,10.0,sommar,,,
2a4bab7f-8545-41a4-a2f7-2960a6fd916e,Göteborg Energi Nät,12,False,0.12,2025-01-01,,c19e418d-76d5-4bf2-aabb-fe54c61ee2a4,energy,4.0,10.0,sommar,,,
d7648a01-84c7-4ceb-9a5d-49c29cd1c0e5,Göteborg Energi Nät,10,False,0.12,2025-01-01,,c19e418d-76d5-4bf2-aabb-fe54c61ee2a4,energy,4.0,10.0,sommar,,,
69710428-a912-48c7-a5a9-88535be66baa,Göteborg Energi Nät,8,False,0.12,2025-01-01,,c19e418d-76d5-4bf2-aabb-fe54c61ee2a4,energy,4.0,10.0,sommar,,,
8765f8f6-03ce-4115-9f3c-f99ade445cb7,Göteborg Energi Nät,7,False,0.12,2025-01-01,,c19e418d-76d5-4bf2-aabb-fe54c61ee2a4,energy,4.0,10.0,sommar,,,
04a2dcde-23a6-4511-ae8a-9893c029e65b,Göteborg Energi Nät,4,False,0.12,2025-01-01,,c19e418d-76d5-4bf2-aabb-fe54c61ee2a4,energy,4.0,10.0,sommar,,,
804c58cd-00c0-42cd-a490-d2b6a27683ed,Göteborg Energi Nät,3,False,0.12,2025-01-01,,c19e418d-76d5-4bf2-aabb-fe54c61ee2a4,energy,4.0,10.0,sommar,,,
7334be38-d600-472b-80ea-f67bc6092574,Göteborg Energi Nät,22,False,0.18,2025-01-01,,c19e418d-76d5-4bf2-aabb-fe54c61ee2a4,energy,1.0,3.0,lågtid,,,
12975714-902c-4f2c-a0aa-063549560f02,Göteborg Energi Nät,5,False,0.18,2025-01-01,,c19e418d-76d5-4bf2-aabb-fe54c61ee2a4,energy,1.0,3.0,lågtid,,,
76171a85-b83b-4c60-8c25-f46e2ab2eb1e,Göteborg Energi Nät,2,False,0.18,2025-01-01,,c19e418d-76d5-4bf2-aabb-fe54c61ee2a4,energy,1.0,3.0,lågtid,,,
ca8a480a-fac4-4a59-9125-2a75f2d2902f,Göteborg Energi Nät,1,False,0.18,2025-01-01,,c19e418d-76d5-4bf2-aabb-fe54c61ee2a4,energy,1.0,3.0,lågtid,,,
98ff4487-50fc-4058-b4c9-65a47b856819,Göteborg Energi Nät,0,False,0.18,2025-01-01,,c19e418d-76d5-4bf2-aabb-fe54c61ee2a4,energy,1.0,3.0,lågtid,,,
a32cc1a4-2909-47b2-b24d-b7665ef1f858,Göteborg Energi Nät,21,False,0.52,2025-01-01,,c19e418d-76d5-4bf2-aabb-fe54c61ee2a4,energy,1.0,3.0,högtid,,,
579ed375-1c8d-4d4a-b51b-a3400587ed70,Göteborg Energi Nät,20,False,0.52,2025-01-01,,c19e418d-76d5-4bf2-aabb-fe54c61ee2a4,energy,1.0,3.0,högtid,,,
28d72770-4dfc-47d7-87e9-a93510b0456e,Göteborg Energi Nät,19,False,0.52,2025-01-01,,c19e418d-76d5-4bf2-aabb-fe54c61ee2a4,energy,1.0,3.0,högtid,,,
04a98a3f-563f-40fe-9e09-4d6a6b6c9785,Göteborg Energi Nät,17,False,0.52,2025-01-01,,c19e418d-76d5-4bf2-aabb-fe54c61ee2a4,energy,1.0,3.0,högtid,,,
d59e02ad-3130-4478-a432-292ea71756ce,Göteborg Energi Nät,16,False,0.52,2025-01-01,,c19e418d-76d5-4bf2-aabb-fe54c61ee2a4,energy,1.0,3.0,högtid,,,
55bfd9c1-b03d-466d-a173-35e35caf2e6e,Göteborg Energi Nät,15,False,0.52,2025-01-01,,c19e418d-76d5-4bf2-aabb-fe54c61ee2a4,energy,1.0,3.0,högtid,,,
4462fef9-634d-4d77-82de-da1c91c2d5b3,Göteborg Energi Nät,14,False,0.52,2025-01-01,,c19e418d-76d5-4bf2-aabb-fe54c61ee2a4,energy,1.0,3.0,högtid,,,
7a727be2-b56a-4771-b21b-740022cb7c23,Göteborg Energi Nät,13,False,0.52,2025-01-01,,c19e418d-76d5-4bf2-aabb-fe54c61ee2a4,energy,1.0,3.0,högtid,,,
47b48dad-23d5-4b0a-8924-bdd651a2edd6,Göteborg Energi Nät,11,False,0.52,2025-01-01,,c19e418d-76d5-4bf2-aabb-fe54c61ee2a4,energy,1.0,3.0,högtid,,,
2954b167-a882-48f4-84e1-547bfba0c1aa,Göteborg Energi Nät,9,False,0.52,2025-01-01,,c19e418d-76d5-4bf2-aabb-fe54c61ee2a4,energy,1.0,3.0,högtid,,,
4593b282-08ca-4e1e-b274-e4fc383e5e06,Göteborg Energi Nät,6,False,0.52,2025-01-01,,c19e418d-76d5-4bf2-aabb-fe54c61ee2a4,energy,1.0,3.0,högtid,,,
1aeabdfb-79e9-47bd-b1a0-6cc3547c568d,Vattenfall Eldistribution,23,False,0.15,2025-01-01,,e5938511-28c1-4d6d-8d42-eb008017ffeb,energy,1.0,3.0,lågtid,,,
5d14d56a-2fcf-4bef-9991-60b9b3db084b,Vattenfall Eldistribution,22,False,0.15,2025-01-01,,e5938511-28c1-4d6d-8d42-eb008017ffeb,energy,1.0,3.0,lågtid,,,
6d445aef-4ea2-4db7-ba1a-ab7b9cd50d46,Vattenfall Eldistribution,21,False,0.15,2025-01-01,,e5938511-28c1-4d6d-8d42-eb008017ffeb,energy,1.0,3.0,lågtid,,,
faee4e59-dfe8-4b91-95a9-3e4aff480e45,Vattenfall Eldistribution,20,False,0.15,2025-01-01,,e5938511-28c1-4d6d-8d42-eb008017ffeb,energy,1.0,3.0,lågtid,,,
2ca5795b-452e-49ac-a2fb-1ec1f777049a,Vattenfall Eldistribution,19,False,0.15,2025-01-01,,e5938511-28c1-4d6d-8d42-eb008017ffeb,energy,1.0,3.0,lågtid,,,
c54bbd0a-708a-43e0-867c-a73faf8c563f,Vattenfall Eldistribution,6,False,0.15,2025-01-01,,e5938511-28c1-4d6d-8d42-eb008017ffeb,energy,1.0,3.0,lågtid,,,
3857d064-f531-49a5-97eb-f8d5844cd9f4,Vattenfall Eldistribution,5,False,0.15,2025-01-01,,e5938511-28c1-4d6d-8d42-eb008017ffeb,energy,1.0,3.0,lågtid,,,
a1b8cbd0-c26e-4f4f-abb5-5e3a9eca572f,Vattenfall Eldistribution,4,False,0.15,2025-01-01,,e5938511-28c1-4d6d-8d42-eb008017ffeb,energy,1.0,3.0,lågtid,,,
59cabd09-4738-40ad-b78d-b6f3e1c077aa,Vattenfall Eldistribution,3,False,0.15,2025-01-01,,e5938511-28c1-4d6d-8d42-eb008017ffeb,energy,1.0,3.0,lågtid,,,
76f3a081-e97f-4987-8022-fd3248dd1e65,Vattenfall Eldistribution,2,False,0.15,2025-01-01,,e5938511-28c1-4d6d-8d42-eb008017ffeb,energy,1.0,3.0,lågtid,,,
b8d641bf-1427-49e7-a973-a0fce9b783d8,Vattenfall Eldistribution,1,False,0.15,2025-01-01,,e5938511-28c1-4d6d-8d42-eb008017ffeb,energy,1.0,3.0,lågtid,,,
69622b37-890b-451d-b739-3ad4cd9cbe24,Vattenfall Eldistribution,0,False,0.15,2025-01-01,,e5938511-28c1-4d6d-8d42-eb008017ffeb,energy,1.0,3.0,lågtid,,,
655594fb-8970-40d8-af1a-d039eabb89d6,Vattenfall Eldistribution,18,False,0.48,2025-01-01,,e5938511-28c1-4d6d-8d42-eb008017ffeb,energy,1.0,3.0,högtid,,,
4049fcf6-c1ad-4e79-ace9-cab770896c46,Vattenfall Eldistribution,17,False,0.48,2025-01-01,,e5938511-28c1-4d6d-8d42-eb008017ffeb,energy,1.0,3.0,högtid,,,
41776e90-43c3-4f5f-bee9-e40a8e14140a,Vattenfall Eldistribution,16,False,0.48,2025-01-01,,e5938511-28c1-4d6d-8d42-eb008017ffeb,energy,1.0,3.0,högtid,,,
11d61fd6-d5fc-45ac-9bf0-fa16ed8e42f9,Vattenfall Eldistribution,15,False,0.48,2025-01-01,,e5938511-28c1-4d6d-8d42-eb008017ffeb,energy,1.0,3.0,högtid,,,
5b1a5c20-5648-4df3-a5e7-5498fae9fc62,Vattenfall Eldistribution,14,False,0.48,2025-01-01,,e5938511-28c1-4d6d-8d42-eb008017ffeb,energy,1.0,3.0,högtid,,,
bff96959-ce9a-4470-8484-37a86f1d920b,Vattenfall Eldistribution,13,False,0.48,2025-01-01,,e5938511-28c1-4d6d-8d42-eb008017ffeb,energy,1.0,3.0,högtid,,,
2b5aa164-57ef-4c7b-a316-2768b5789b61,Vattenfall Eldistribution,12,False,0.48,2025-01-01,,e5938511-28c1-4d6d-8d42-eb008017ffeb,energy,1.0,3.0,högtid,,,
4fe70d85-7449-4743-a8c7-4184c7d079e4,Vattenfall Eldistribution,11,False,0.48,2025-01-01,,e5938511-28c1-4d6d-8d42-eb008017ffeb,energy,1.0,3.0,högtid,,,
42f944de-b227-4647-9aae-31bdb5453bb0,Vattenfall Eldistribution,10,False,0.48,2025-01-01,,e5938511-28c1-4d6d-8d42-eb008017ffeb,energy,1.0,3.0,högtid,,,
3346c30c-c488-4033-b27d-276a5fc41e6d,Vattenfall Eldistribution,9,False,0.48,2025-01-01,,e5938511-28c1-4d6d-8d42-eb008017ffeb,energy,1.0,3.0,högtid,,,
1288648a-49d2-45ef-a7f7-196c8602da97,Vattenfall Eldistribution,8,False,0.48,2025-01-01,,e5938511-28c1-4d6d-8d42-eb008017ffeb,energy,1.0,3.0,högtid,,,
743ec745-e5aa-4f12-9767-1c3b38e9d333,Vattenfall Eldistribution,7,False,0.48,2025-01-01,,e5938511-28c1-4d6d-8d42-eb008017ffeb,energy,1.0,3.0,högtid,,,
530bcf73-31b4-440a-ab40-3541718398fa,E.ON Energidistribution,23,False,0.14,2025-01-01,,a3ba9266-ea15-40b0-bb08-7aaa11620aae,energy,1.0,3.0,lågtid,,,
3aa4c5cb-760e-4170-ab82-ed0dd73cb3bb,E.ON Energidistribution,22,False,0.14,2025-01-01,,a3ba9266-ea15-40b0-bb08-7aaa11620aae,energy,1.0,3.0,lågtid,,,
67d5edeb-3c5d-47b3-964d-8e146885f395,E.ON Energidistribution,21,False,0.14,2025-01-01,,a3ba9266-ea15-40b0-bb08-7aaa11620aae,energy,1.0,3.0,lågtid,,,
781609f6-218e-4e57-9b59-13875219df0a,E.ON Energidistribution,20,False,0.14,2025-01-01,,a3ba9266-ea15-40b0-bb08-7aaa11620aae,energy,1.0,3.0,lågtid,,,
4bbb727c-1c30-4222-86db-70f38159f5f7,E.ON Energidistribution,19,False,0.14,2025-01-01,,a3ba9266-ea15-40b0-bb08-7aaa11620aae,energy,1.0,3.0,lågtid,,,
52c15f7a-518f-4724-87b8-f0661b676496,E.ON Energidistribution,5,False,0.14,2025-01-01,,a3ba9266-ea15-40b0-bb08-7aaa11620aae,energy,1.0,3.0,lågtid,,,
c48e763d-d4df-43e9-b758-65cbe840c1d9,E.ON Energidistribution,4,False,0.14,2025-01-01,,a3ba9266-ea15-40b0-bb08-7aaa11620aae,energy,1.0,3.0,lågtid,,,
e886ca88-a0a1-4704-ae7f-c173dcf4951d,E.ON Energidistribution,3,False,0.14,2025-01-01,,a3ba9266-ea15-40b0-bb08-7aaa11620aae,energy,1.0,3.0,lågtid,,,
094b321f-c85a-49ba-bc8e-2fb2d59b0f65,E.ON Energidistribution,2,False,0.14,2025-01-01,,a3ba9266-ea15-40b0-bb08-7aaa11620aae,energy,1.0,3.0,lågtid,,,
7611b7a7-2d49-4fb4-a6c1-5b6bd3a33202,E.ON Energidistribution,1,False,0.14,2025-01-01,,a3ba9266-ea15-40b0-bb08-7aaa11620aae,energy,1.0,3.0,lågtid,,,
a56b3b5f-4a55-436e-9ccf-d59a33a833a0,E.ON Energidistribution,0,False,0.14,2025-01-01,,a3ba9266-ea15-40b0-bb08-7aaa11620aae,energy,1.0,3.0,lågtid,,,
deed637c-6044-4ee2-942f-b6e5f53bb32b,E.ON Energidistribution,18,False,0.46,2025-01-01,,a3ba9266-ea15-40b0-bb08-7aaa11620aae,energy,1.0,3.0,högtid,,,
9bbf5765-4871-4e40-949b-0ce9199b9578,E.ON Energidistribution,17,False,0.46,2025-01-01,,a3ba9266-ea15-40b0-bb08-7aaa11620aae,energy,1.0,3.0,högtid,,,
eba46d69-8d50-40f9-8438-92baed6c8c1b,E.ON Energidistribution,16,False,0.46,2025-01-01,,a3ba9266-ea15-40b0-bb08-7aaa11620aae,energy,1.0,3.0,högtid,,,
69abea22-3402-4eaa-bc22-58af25f7ecf9,E.ON Energidistribution,15,False,0.46,2025-01-01,,a3ba9266-ea15-40b0-bb08-7aaa11620aae,energy,1.0,3.0,högtid,,,
1c6838cb-e974-4c5e-943a-cb7263c55c8b,E.ON Energidistribution,14,False,0.46,2025-01-01,,a3ba9266-ea15-40b0-bb08-7aaa11620aae,energy,1.0,3.0,högtid,,,
0dd210e6-1be1-4b9d-832f-987706771b01,E.ON Energidistribution,13,False,0.46,2025-01-01,,a3ba9266-ea15-40b0-bb08-7aaa11620aae,energy,1.0,3.0,högtid,,,
ef9cc7a8-1c8c-4854-93c7-8a20aba4dbbf,E.ON Energidistribution,12,False,0.46,2025-01-01,,a3ba9266-ea15-40b0-bb08-7aaa11620aae,energy,1.0,3.0,högtid,,,
2f1d5eca-0c59-4eeb-8038-adf401e95724,E.ON Energidistribution,11,False,0.46,2025-01-01,,a3ba9266-ea15-40b0-bb08-7aaa11620aae,energy,1.0,3.0,högtid,,,
0827e31a-d370-4d54-aad8-a974c067a62d,E.ON Energidistribution,10,False,0.46,2025-01-01,,a3ba9266-ea15-40b0-bb08-7aaa11620aae,energy,1.0,3.0,högtid,,,
18af4ad2-7582-4f51-b51a-b1cdbbcc17f6,E.ON Energidistribution,9,False,0.46,2025-01-01,,a3ba9266-ea15-40b0-bb08-7aaa11620aae,energy,1.0,3.0,högtid,,,
1df294e9-0256-4fb8-b4fd-c9149d4dd105,E.ON Energidistribution,8,False,0.46,2025-01-01,,a3ba9266-ea15-40b0-bb08-7aaa11620aae,energy,1.0,3.0,högtid,,,
a157b497-169f-4112-b17b-c92ab1a860a3,E.ON Energidistribution,7,False,0.46,2025-01-01,,a3ba9266-ea15-40b0-bb08-7aaa11620aae,energy,1.0,3.0,högtid,,,
79683221-cd1b-44d7-8a33-ba866c53e493,E.ON Energidistribution,6,False,0.46,2025-01-01,,a3ba9266-ea15-40b0-bb08-7aaa11620aae,energy,1.0,3.0,högtid,,,
8b7940da-87ea-418f-8677-8d927142e96b,Kraftringen Nät,23,False,0.13,2025-01-01,,d1af5a4a-2603-4376-ba53-6537276bd57b,energy,1.0,3.0,lågtid,,,
dd2196ab-f9f5-4938-8e4c-9d73b83cd0fb,Kraftringen Nät,22,False,0.13,2025-01-01,,d1af5a4a-2603-4376-ba53-6537276bd57b,energy,1.0,3.0,lågtid,,,
d1b4923e-bb84-4a70-b710-d8718ed66846,Kraftringen Nät,21,False,0.13,2025-01-01,,d1af5a4a-2603-4376-ba53-6537276bd57b,energy,1.0,3.0,lågtid,,,
0f4cf0ae-da7d-4356-83d0-7152fc029a32,Kraftringen Nät,20,False,0.13,2025-01-01,,d1af5a4a-2603-4376-ba53-6537276bd57b,energy,1.0,3.0,lågtid,,,
8154e3ed-0982-40ec-9a5b-f4a176de6fd4,Kraftringen Nät,19,False,0.13,2025-01-01,,d1af5a4a-2603-4376-ba53-6537276bd57b,energy,1.0,3.0,lågtid,,,
5fb29e98-d83b-406a-ba46-eac7f4785ca9,Kraftringen Nät,5,False,0.13,2025-01-01,,d1af5a4a-2603-4376-ba53-6537276bd57b,energy,1.0,3.0,lågtid,,,
71e4c5e2-6950-494c-a92a-6fae51f9ff1c,Kraftringen Nät,4,False,0.13,2025-01-01,,d1af5a4a-2603-4376-ba53-6537276bd57b,energy,1.0,3.0,lågtid,,,
c894e7ed-cd6c-4532-943b-182cea28504c,Kraftringen Nät,3,False,0.13,2025-01-01,,d1af5a4a-2603-4376-ba53-6537276bd57b,energy,1.0,3.0,lågtid,,,
8e9f653a-1e62-4536-8b93-188aa228cfec,Kraftringen Nät,2,False,0.13,2025-01-01,,d1af5a4a-2603-4376-ba53-6537276bd57b,energy,1.0,3.0,lågtid,,,
4bd07612-c509-4cb6-9277-4489f6f6f1bb,Kraftringen Nät,1,False,0.13,2025-01-01,,d1af5a4a-2603-4376-ba53-6537276bd57b,energy,1.0,3.0,lågtid,,,
bb0ee5c4-c328-4f83-b32b-711a3b7fb054,Kraftringen Nät,0,False,0.13,2025-01-01,,d1af5a4a-2603-4376-ba53-6537276bd57b,energy,1.0,3.0,lågtid,,,
fcb65127-214a-480f-9650-71d1f27d6cb4,Kraftringen Nät,18,False,0.42,2025-01-01,,d1af5a4a-2603-4376-ba53-6537276bd57b,energy,1.0,3.0,högtid,,,
cdbdb414-0777-45af-88ed-04ec11d39bbc,Kraftringen Nät,17,False,0.42,2025-01-01,,d1af5a4a-2603-4376-ba53-6537276bd57b,energy,1.0,3.0,högtid,,,
2de0220c-0a42-4eb1-9c72-b959df54b845,Kraftringen Nät,16,False,0.42,2025-01-01,,d1af5a4a-2603-4376-ba53-6537276bd57b,energy,1.0,3.0,högtid,,,
13047bd7-8f02-459c-8a92-321f50d9494c,Kraftringen Nät,15,False,0.42,2025-01-01,,d1af5a4a-2603-4376-ba53-6537276bd57b,energy,1.0,3.0,högtid,,,
022dd491-1fc0-45bd-b818-7c8404d8dce1,Kraftringen Nät,14,False,0.42,2025-01-01,,d1af5a4a-2603-4376-ba53-6537276bd57b,energy,1.0,3.0,högtid,,,
8dbe1fc7-55cf-4dc7-a8ca-bdece9f4ab19,Kraftringen Nät,13,False,0.42,2025-01-01,,d1af5a4a-2603-4376-ba53-6537276bd57b,energy,1.0,3.0,högtid,,,
0c9adc0c-a2aa-44dd-82ca-1543af4d784d,Kraftringen Nät,12,False,0.42,2025-01-01,,d1af5a4a-2603-4376-ba53-6537276bd57b,energy,1.0,3.0,högtid,,,
f772f61d-fc10-4fd3-97a0-92cef8b09e30,Kraftringen Nät,11,False,0.42,2025-01-01,,d1af5a4a-2603-4376-ba53-6537276bd57b,energy,1.0,3.0,högtid,,,
46f768c0-2a1a-44fd-9022-7f519690fccb,Kraftringen Nät,10,False,0.42,2025-01-01,,d1af5a4a-2603-4376-ba53-6537276bd57b,energy,1.0,3.0,högtid,,,
af3fe586-161a-4950-9645-759022ac73e6,Luleå Energi Elnät,17,True,0.32,2025-01-01,,,energy,,,,,,
f249e4d0-d900-45e1-9dbc-933239d295f6,Kraftringen Nät,9,False,0.42,2025-01-01,,d1af5a4a-2603-4376-ba53-6537276bd57b,energy,1.0,3.0,högtid,,,
197afd4a-b52a-4bec-9d71-5b10cfa8add6,Kraftringen Nät,8,False,0.42,2025-01-01,,d1af5a4a-2603-4376-ba53-6537276bd57b,energy,1.0,3.0,högtid,,,
25b78acf-e041-401c-b312-692ca77e5eb8,Kraftringen Nät,7,False,0.42,2025-01-01,,d1af5a4a-2603-4376-ba53-6537276bd57b,energy,1.0,3.0,högtid,,,
5d152dd1-6152-493c-9047-7c8e3966a1dc,Kraftringen Nät,6,False,0.42,2025-01-01,,d1af5a4a-2603-4376-ba53-6537276bd57b,energy,1.0,3.0,högtid,,,
1355c3bc-b56f-404b-aeec-6aca7d77b98c,Jämtkraft Elnät,23,False,0.12,2025-01-01,,00571800-4733-40a0-a4c6-2d1ca47d25f9,energy,1.0,3.0,lågtid,,,
63e12907-7024-4908-8573-bb8b07b62b09,Jämtkraft Elnät,22,False,0.12,2025-01-01,,00571800-4733-40a0-a4c6-2d1ca47d25f9,energy,1.0,3.0,lågtid,,,
1f9b837e-771a-481b-91f9-64d7cee73662,Jämtkraft Elnät,21,False,0.12,2025-01-01,,00571800-4733-40a0-a4c6-2d1ca47d25f9,energy,1.0,3.0,lågtid,,,
ed6b9901-52b5-4e9c-9fca-bc379812c1f1,Jämtkraft Elnät,20,False,0.12,2025-01-01,,00571800-4733-40a0-a4c6-2d1ca47d25f9,energy,1.0,3.0,lågtid,,,
f6f5d8c1-7a50-4a5d-a5a8-ab28d4c034e9,Jämtkraft Elnät,19,False,0.12,2025-01-01,,00571800-4733-40a0-a4c6-2d1ca47d25f9,energy,1.0,3.0,lågtid,,,
3aa551f0-e8ac-4e06-942c-c0abb6783dd8,Jämtkraft Elnät,5,False,0.12,2025-01-01,,00571800-4733-40a0-a4c6-2d1ca47d25f9,energy,1.0,3.0,lågtid,,,
dde7512c-e569-4e46-a515-5696318a6576,Jämtkraft Elnät,4,False,0.12,2025-01-01,,00571800-4733-40a0-a4c6-2d1ca47d25f9,energy,1.0,3.0,lågtid,,,
180600ab-64b1-45bf-bd8b-d5b8dbb2bfd2,Jämtkraft Elnät,3,False,0.12,2025-01-01,,00571800-4733-40a0-a4c6-2d1ca47d25f9,energy,1.0,3.0,lågtid,,,
e636955a-0db5-42b5-9c25-5ec81176ce39,Jämtkraft Elnät,2,False,0.12,2025-01-01,,00571800-4733-40a0-a4c6-2d1ca47d25f9,energy,1.0,3.0,lågtid,,,
be954276-5a1b-427b-b401-fd07cb42bec9,Jämtkraft Elnät,1,False,0.12,2025-01-01,,00571800-4733-40a0-a4c6-2d1ca47d25f9,energy,1.0,3.0,lågtid,,,
ffe0c43d-9353-4a58-9c75-2cd5b490638f,Jämtkraft Elnät,0,False,0.12,2025-01-01,,00571800-4733-40a0-a4c6-2d1ca47d25f9,energy,1.0,3.0,lågtid,,,
93959a75-f882-4803-81c7-a1eab5ca57f7,Jämtkraft Elnät,18,False,0.38,2025-01-01,,00571800-4733-40a0-a4c6-2d1ca47d25f9,energy,1.0,3.0,högtid,,,
f3169bbf-a6e4-4d4f-94d5-480a90dbadda,Jämtkraft Elnät,17,False,0.38,2025-01-01,,00571800-4733-40a0-a4c6-2d1ca47d25f9,energy,1.0,3.0,högtid,,,
ee891c3a-8507-4bc2-9a51-f6e2696c8c78,Jämtkraft Elnät,16,False,0.38,2025-01-01,,00571800-4733-40a0-a4c6-2d1ca47d25f9,energy,1.0,3.0,högtid,,,
d47728dd-9ffb-460f-83f0-0fffff2eeeeb,Jämtkraft Elnät,15,False,0.38,2025-01-01,,00571800-4733-40a0-a4c6-2d1ca47d25f9,energy,1.0,3.0,högtid,,,
6f369b32-e7a6-4a00-b697-7c1ff4078d73,Jämtkraft Elnät,14,False,0.38,2025-01-01,,00571800-4733-40a0-a4c6-2d1ca47d25f9,energy,1.0,3.0,högtid,,,
91004fdc-28d3-4d0d-9019-aa746476153c,Jämtkraft Elnät,13,False,0.38,2025-01-01,,00571800-4733-40a0-a4c6-2d1ca47d25f9,energy,1.0,3.0,högtid,,,
db1e817d-b01e-4a9a-8bcf-3b0bf06a90eb,Jämtkraft Elnät,12,False,0.38,2025-01-01,,00571800-4733-40a0-a4c6-2d1ca47d25f9,energy,1.0,3.0,högtid,,,
b4a1e70d-bd35-45d8-9ab2-692c54187755,Jämtkraft Elnät,11,False,0.38,2025-01-01,,00571800-4733-40a0-a4c6-2d1ca47d25f9,energy,1.0,3.0,högtid,,,
352abe68-b7fc-40cd-ae8b-3f9bfcf8bfc8,Jämtkraft Elnät,10,False,0.38,2025-01-01,,00571800-4733-40a0-a4c6-2d1ca47d25f9,energy,1.0,3.0,högtid,,,
21919b30-c16b-4b97-835b-c780d52837cf,Jämtkraft Elnät,9,False,0.38,2025-01-01,,00571800-4733-40a0-a4c6-2d1ca47d25f9,energy,1.0,3.0,högtid,,,
aee13cd8-af3e-492c-9723-9a32e0c2ce62,Jämtkraft Elnät,8,False,0.38,2025-01-01,,00571800-4733-40a0-a4c6-2d1ca47d25f9,energy,1.0,3.0,högtid,,,
3201a1b0-8222-4088-9119-68d461f3abb1,Jämtkraft Elnät,7,False,0.38,2025-01-01,,00571800-4733-40a0-a4c6-2d1ca47d25f9,energy,1.0,3.0,högtid,,,
ebab9d7d-21b6-451a-9033-bd4fc712ffc1,Jämtkraft Elnät,6,False,0.38,2025-01-01,,00571800-4733-40a0-a4c6-2d1ca47d25f9,energy,1.0,3.0,högtid,,,
1ac24870-8204-4907-84d8-f78808d0caf2,Luleå Energi Elnät,10,False,0.32,2025-01-01,,9b136686-4850-4dcb-8568-8b3b97c1a46f,energy,1.0,3.0,högtid,,,
38f530fe-efbf-4e8b-80a5-bfa6f8fec2bf,Luleå Energi Elnät,6,False,0.32,2025-01-01,,9b136686-4850-4dcb-8568-8b3b97c1a46f,energy,1.0,3.0,högtid,,,
26565372-7f6d-47ce-8c54-17794562e3a2,Skellefteå Kraft Elnät,23,False,0.08,2025-01-01,,18fb1c63-ca5b-4ab5-b749-8ccbed4517a0,energy,1.0,3.0,lågtid,,,
d2063220-dd78-4c3a-8d2a-808e1873d04b,Skellefteå Kraft Elnät,22,False,0.08,2025-01-01,,18fb1c63-ca5b-4ab5-b749-8ccbed4517a0,energy,1.0,3.0,lågtid,,,
94365620-9c1b-41eb-8f22-ffdd9d89b237,Skellefteå Kraft Elnät,5,False,0.08,2025-01-01,,18fb1c63-ca5b-4ab5-b749-8ccbed4517a0,energy,1.0,3.0,lågtid,,,
ef62204f-c263-46d4-9a1d-ce8afa08013a,Skellefteå Kraft Elnät,4,False,0.08,2025-01-01,,18fb1c63-ca5b-4ab5-b749-8ccbed4517a0,energy,1.0,3.0,lågtid,,,
2702dc21-8ffe-4d50-88d2-c0723347c329,Skellefteå Kraft Elnät,3,False,0.08,2025-01-01,,18fb1c63-ca5b-4ab5-b749-8ccbed4517a0,energy,1.0,3.0,lågtid,,,
96e61fe4-96c2-4017-bd01-1a659345b712,Skellefteå Kraft Elnät,2,False,0.08,2025-01-01,,18fb1c63-ca5b-4ab5-b749-8ccbed4517a0,energy,1.0,3.0,lågtid,,,
3d9560ef-e896-432d-a543-765f8854bbd8,Skellefteå Kraft Elnät,1,False,0.08,2025-01-01,,18fb1c63-ca5b-4ab5-b749-8ccbed4517a0,energy,1.0,3.0,lågtid,,,
2afc71c6-c0eb-474c-b972-6001ce593a11,Skellefteå Kraft Elnät,0,False,0.08,2025-01-01,,18fb1c63-ca5b-4ab5-b749-8ccbed4517a0,energy,1.0,3.0,lågtid,,,
6e5b5ad4-f26d-4802-980f-79601c7fa42a,Skellefteå Kraft Elnät,21,False,0.29,2025-01-01,,18fb1c63-ca5b-4ab5-b749-8ccbed4517a0,energy,1.0,3.0,högtid,,,
de6b9b60-a02c-427d-bf4f-410a829ec7b5,Skellefteå Kraft Elnät,20,False,0.29,2025-01-01,,18fb1c63-ca5b-4ab5-b749-8ccbed4517a0,energy,1.0,3.0,högtid,,,
d4e73c9c-e8fb-49c2-bc39-146a48b18f51,Skellefteå Kraft Elnät,19,False,0.29,2025-01-01,,18fb1c63-ca5b-4ab5-b749-8ccbed4517a0,energy,1.0,3.0,högtid,,,
7c0102ce-9bcb-4d2e-8adf-638bb99f5812,Skellefteå Kraft Elnät,18,False,0.29,2025-01-01,,18fb1c63-ca5b-4ab5-b749-8ccbed4517a0,energy,1.0,3.0,högtid,,,
221c1d48-66c3-4182-9024-df9b6ef45d03,Skellefteå Kraft Elnät,17,False,0.29,2025-01-01,,18fb1c63-ca5b-4ab5-b749-8ccbed4517a0,energy,1.0,3.0,högtid,,,
221a0ae3-58d6-4ad4-a0e3-58f9de78f718,Skellefteå Kraft Elnät,16,False,0.29,2025-01-01,,18fb1c63-ca5b-4ab5-b749-8ccbed4517a0,energy,1.0,3.0,högtid,,,
1b031796-5c83-4937-bc67-475ac8e087a0,Skellefteå Kraft Elnät,15,False,0.29,2025-01-01,,18fb1c63-ca5b-4ab5-b749-8ccbed4517a0,energy,1.0,3.0,högtid,,,
8e1b4005-b1fe-4390-83bc-f183830c4d20,Skellefteå Kraft Elnät,14,False,0.29,2025-01-01,,18fb1c63-ca5b-4ab5-b749-8ccbed4517a0,energy,1.0,3.0,högtid,,,
60d05276-33f1-4c98-90a4-60091c057042,Skellefteå Kraft Elnät,13,False,0.29,2025-01-01,,18fb1c63-ca5b-4ab5-b749-8ccbed4517a0,energy,1.0,3.0,högtid,,,
b8f2265a-9c42-4736-9cd2-6f76c4a44b7d,Skellefteå Kraft Elnät,12,False,0.29,2025-01-01,,18fb1c63-ca5b-4ab5-b749-8ccbed4517a0,energy,1.0,3.0,högtid,,,
130df7c0-396a-4dda-bdd9-6bd052d2eefb,Skellefteå Kraft Elnät,11,False,0.29,2025-01-01,,18fb1c63-ca5b-4ab5-b749-8ccbed4517a0,energy,1.0,3.0,högtid,,,
4440e588-2c61-4b81-aacf-2f66ce00e084,Skellefteå Kraft Elnät,10,False,0.29,2025-01-01,,18fb1c63-ca5b-4ab5-b749-8ccbed4517a0,energy,1.0,3.0,högtid,,,
1e467b87-d217-4a07-ba5a-e12e6a035d36,Skellefteå Kraft Elnät,9,False,0.29,2025-01-01,,18fb1c63-ca5b-4ab5-b749-8ccbed4517a0,energy,1.0,3.0,högtid,,,
8d37b8df-a2c5-46e2-94d9-c235200bf69b,Skellefteå Kraft Elnät,8,False,0.29,2025-01-01,,18fb1c63-ca5b-4ab5-b749-8ccbed4517a0,energy,1.0,3.0,högtid,,,
f4803839-a1c4-41ae-ac93-bbe09659663c,Skellefteå Kraft Elnät,7,False,0.29,2025-01-01,,18fb1c63-ca5b-4ab5-b749-8ccbed4517a0,energy,1.0,3.0,högtid,,,
5b4a78ec-5151-467f-9334-228a7c6a0a2d,Skellefteå Kraft Elnät,6,False,0.29,2025-01-01,,18fb1c63-ca5b-4ab5-b749-8ccbed4517a0,energy,1.0,3.0,högtid,,,
c5f6bc94-eb0b-45b3-ae38-8db48c7c2042,Umeå Energi Elnät,23,False,0.085,2025-01-01,,d67dce43-7f09-494e-a53b-ffb6a77c20a0,energy,1.0,3.0,lågtid,,,
470970c5-db2e-4407-8435-495a462f7102,Umeå Energi Elnät,22,False,0.085,2025-01-01,,d67dce43-7f09-494e-a53b-ffb6a77c20a0,energy,1.0,3.0,lågtid,,,
0582fc52-88a5-4e4d-8d52-5834debb932b,Umeå Energi Elnät,5,False,0.085,2025-01-01,,d67dce43-7f09-494e-a53b-ffb6a77c20a0,energy,1.0,3.0,lågtid,,,
556cbe78-1ddb-4939-b445-918794d167b4,Umeå Energi Elnät,4,False,0.085,2025-01-01,,d67dce43-7f09-494e-a53b-ffb6a77c20a0,energy,1.0,3.0,lågtid,,,
ef5150bc-bd6d-435a-99cb-4d31030034c8,Umeå Energi Elnät,3,False,0.085,2025-01-01,,d67dce43-7f09-494e-a53b-ffb6a77c20a0,energy,1.0,3.0,lågtid,,,
0cc74c15-84a2-4c2e-a305-4d4bc0568763,Umeå Energi Elnät,2,False,0.085,2025-01-01,,d67dce43-7f09-494e-a53b-ffb6a77c20a0,energy,1.0,3.0,lågtid,,,
937cc7f5-494b-41a3-a4fb-fa53604551d0,Umeå Energi Elnät,1,False,0.085,2025-01-01,,d67dce43-7f09-494e-a53b-ffb6a77c20a0,energy,1.0,3.0,lågtid,,,
a2778ac2-b162-4c4c-8f6c-f152d265ce71,Umeå Energi Elnät,0,False,0.085,2025-01-01,,d67dce43-7f09-494e-a53b-ffb6a77c20a0,energy,1.0,3.0,lågtid,,,
47624f7c-301b-4ab2-8adf-c5d2a0f82efa,Umeå Energi Elnät,21,False,0.31,2025-01-01,,d67dce43-7f09-494e-a53b-ffb6a77c20a0,energy,1.0,3.0,högtid,,,
2e2da675-83e5-4484-931d-36ca5a939956,Umeå Energi Elnät,20,False,0.31,2025-01-01,,d67dce43-7f09-494e-a53b-ffb6a77c20a0,energy,1.0,3.0,högtid,,,
36b5e6eb-6a2b-45ec-a3a0-43ba86573cbb,Umeå Energi Elnät,19,False,0.31,2025-01-01,,d67dce43-7f09-494e-a53b-ffb6a77c20a0,energy,1.0,3.0,högtid,,,
10c706e8-50ac-454e-9786-9306cfb0930b,Umeå Energi Elnät,18,False,0.31,2025-01-01,,d67dce43-7f09-494e-a53b-ffb6a77c20a0,energy,1.0,3.0,högtid,,,
646fef69-cb4d-423e-b503-e6bef5b39b54,Umeå Energi Elnät,17,False,0.31,2025-01-01,,d67dce43-7f09-494e-a53b-ffb6a77c20a0,energy,1.0,3.0,högtid,,,
19c86bd2-4615-47de-a6a7-19022c7bccbd,Umeå Energi Elnät,16,False,0.31,2025-01-01,,d67dce43-7f09-494e-a53b-ffb6a77c20a0,energy,1.0,3.0,högtid,,,
d226d102-4720-4191-921a-8536d29d34ef,Umeå Energi Elnät,15,False,0.31,2025-01-01,,d67dce43-7f09-494e-a53b-ffb6a77c20a0,energy,1.0,3.0,högtid,,,
e709a128-fa8b-471b-ad32-b4d4f31bcf15,Umeå Energi Elnät,14,False,0.31,2025-01-01,,d67dce43-7f09-494e-a53b-ffb6a77c20a0,energy,1.0,3.0,högtid,,,
ed06acb7-95f2-427d-af4a-4cc54d3e7ec1,Umeå Energi Elnät,13,False,0.31,2025-01-01,,d67dce43-7f09-494e-a53b-ffb6a77c20a0,energy,1.0,3.0,högtid,,,
6fd2c6bd-2b3c-498d-92d9-a0586c66546d,Umeå Energi Elnät,12,False,0.31,2025-01-01,,d67dce43-7f09-494e-a53b-ffb6a77c20a0,energy,1.0,3.0,högtid,,,
f2b892df-fbe8-48a9-8d19-5428c56e50b3,Umeå Energi Elnät,11,False,0.31,2025-01-01,,d67dce43-7f09-494e-a53b-ffb6a77c20a0,energy,1.0,3.0,högtid,,,
95c9d3b6-4744-46fa-a5eb-3c527fe87b8b,Umeå Energi Elnät,10,False,0.31,2025-01-01,,d67dce43-7f09-494e-a53b-ffb6a77c20a0,energy,1.0,3.0,högtid,,,
6e29d80f-fa41-4212-b3a9-b5f65334462b,Umeå Energi Elnät,9,False,0.31,2025-01-01,,d67dce43-7f09-494e-a53b-ffb6a77c20a0,energy,1.0,3.0,högtid,,,
ff710b4e-b34b-4927-82f9-ca53289a88f2,Umeå Energi Elnät,8,False,0.31,2025-01-01,,d67dce43-7f09-494e-a53b-ffb6a77c20a0,energy,1.0,3.0,högtid,,,
9008596e-5f4a-4e2c-a4dc-630396ebdf30,Umeå Energi Elnät,7,False,0.31,2025-01-01,,d67dce43-7f09-494e-a53b-ffb6a77c20a0,energy,1.0,3.0,högtid,,,
1b6d15c4-3519-4b6d-8352-419dd93c24fa,Umeå Energi Elnät,6,False,0.31,2025-01-01,,d67dce43-7f09-494e-a53b-ffb6a77c20a0,energy,1.0,3.0,högtid,,,
d906105e-70ac-4928-a35a-87c3736c6f6c,Ellevio,0,True,0.11,2025-01-01,,,energy,,,,,,
b35d17e9-a129-46af-bb70-887cc1d6308f,Vattenfall Eldistribution,15,True,0.48,2025-01-01,,,energy,,,,,,
0acd1789-a7d1-419a-8f9c-eb583b06ba8c,Ellevio,16,True,0.51,2025-01-01,,,energy,,,,,,
0e13a1c9-f942-4695-bb7e-d9e7e306bdc4,Vattenfall Eldistribution,11,True,0.48,2025-01-01,,,energy,,,,,,
eff5383c-af36-4553-83eb-f91f2b42688b,Skellefteå Kraft Elnät,14,True,0.29,2025-01-01,,,energy,,,,,,
4bb9c344-23f2-483a-86c9-d92ae8e9888c,Umeå Energi Elnät,19,True,0.31,2025-01-01,,,energy,,,,,,
8b99a69e-90c9-41d5-8c31-d6886899f1c1,Ellevio,2,True,0.16,2025-01-01,,,energy,,,,,,
aa0a099c-0952-40df-a4ab-bcf9d146aff4,Jämtkraft Elnät,18,True,0.38,2025-01-01,,,energy,,,,,,
65cce0b8-ad12-470c-b5ce-8996781255fa,Kraftringen Nät,12,True,0.42,2025-01-01,,,energy,,,,,,
e008cb06-d597-4026-96ae-0a707f8fe8f7,Luleå Energi Elnät,22,True,0.09,2025-01-01,,,energy,,,,,,
f82933b9-5ca5-456e-adce-0de316ee95f6,Vattenfall Eldistribution,6,True,0.15,2025-01-01,,,energy,,,,,,
b8c58c5f-5d26-42c2-aa69-ef391e9dc436,Ellevio,14,True,0.51,2025-01-01,,,energy,,,,,,
2b698472-9ccf-45de-b052-d8935f72bf7d,E.ON Energidistribution,4,True,0.14,2025-01-01,,,energy,,,,,,
3e86285e-150c-40cd-83b1-a96586646259,Vattenfall Eldistribution,3,True,0.15,2025-01-01,,,energy,,,,,,
75f6255a-2e29-4d07-b813-9e6bcfe3c5a3,Kraftringen Nät,14,True,0.42,2025-01-01,,,energy,,,,,,
8c875d32-c62d-413f-b7f2-43a2b61f448c,Skellefteå Kraft Elnät,6,True,0.29,2025-01-01,,,energy,,,,,,
ccb44f2f-f4f2-4db3-b4c6-075c53362daa,Göteborg Energi Nät,18,True,0.12,2025-01-01,,,energy,,,,,,
2b19464e-c025-4e90-af1c-4b5be50bb378,Skellefteå Kraft Elnät,16,True,0.29,2025-01-01,,,energy,,,,,,
ecbbf5de-8f4b-442b-9c5e-5f1bcbff3cbb,Jämtkraft Elnät,7,True,0.38,2025-01-01,,,energy,,,,,,
06546a48-d7ab-4a05-9346-21dc7daa963e,Göteborg Energi Nät,10,True,0.12,2025-01-01,,,energy,,,,,,
fbc81b38-8009-4765-85a0-ee12b3a236ea,Umeå Energi Elnät,6,True,0.31,2025-01-01,,,energy,,,,,,
6afdb9c9-e9cb-46d6-be76-38b5f916b145,Skellefteå Kraft Elnät,1,True,0.08,2025-01-01,,,energy,,,,,,
4a370cd1-1b5d-420d-b265-fc3f74ddc695,Ellevio,9,True,0.51,2025-01-01,,,energy,,,,,,
2688c4b2-bcb7-4b83-8313-f3c32c29e0a4,Skellefteå Kraft Elnät,7,True,0.29,2025-01-01,,,energy,,,,,,
fb576a2d-a857-4177-bae3-342060191560,Umeå Energi Elnät,22,True,0.085,2025-01-01,,,energy,,,,,,
76777c93-bd4f-45d2-8ae4-633d903a7436,Skellefteå Kraft Elnät,19,True,0.29,2025-01-01,,,energy,,,,,,
f37895f0-26bb-4acd-8223-a254edac786b,Luleå Energi Elnät,3,True,0.07,2025-01-01,,,energy,,,,,,
08922980-9f85-4470-b242-afca81b951fe,Skellefteå Kraft Elnät,12,True,0.29,2025-01-01,,,energy,,,,,,
2c6c4464-5bde-4783-b8b4-44d4b123d278,Jämtkraft Elnät,20,True,0.12,2025-01-01,,,energy,,,,,,
a42a8591-1696-4f16-bd6b-8ad1fe244271,Kraftringen Nät,21,True,0.13,2025-01-01,,,energy,,,,,,
50cf742f-f976-4238-b27b-52ff850905a4,Kraftringen Nät,22,True,0.13,2025-01-01,,,energy,,,,,,
75e96a39-1682-4bc7-8b22-ac4b2a2899be,Skellefteå Kraft Elnät,13,True,0.29,2025-01-01,,,energy,,,,,,
b2b42b9c-499a-49e8-8520-51323bb70741,Kraftringen Nät,9,True,0.42,2025-01-01,,,energy,,,,,,
7adf602f-3112-4238-9ddd-a92d7e355294,Kraftringen Nät,1,True,0.13,2025-01-01,,,energy,,,,,,
04fc157e-b335-47c4-bfb2-4ba3e9d54e20,Kraftringen Nät,18,True,0.42,2025-01-01,,,energy,,,,,,
4681899d-98e7-476c-bd64-616c32eb3d8e,Luleå Energi Elnät,2,True,0.07,2025-01-01,,,energy,,,,,,
6802fcaf-e8f6-4051-845b-b60916f24505,Luleå Energi Elnät,14,True,0.07,2025-01-01,,,energy,,,,,,
7c55767b-9ee2-4884-864b-34cd44c6420f,E.ON Energidistribution,23,True,0.14,2025-01-01,,,energy,,,,,,
f44d552b-6d7b-4c9b-a825-89bd2d48ff65,Göteborg Energi Nät,20,True,0.52,2025-01-01,,,energy,,,,,,
fa087a41-d4c7-4901-9347-54083ef04945,Skellefteå Kraft Elnät,4,True,0.08,2025-01-01,,,energy,,,,,,
fe1c7a7d-02df-42f6-a7c4-681037d12f45,Luleå Energi Elnät,20,True,0.07,2025-01-01,,,energy,,,,,,
f2acf615-17ef-4b83-990a-16d1023fe1e9,E.ON Energidistribution,3,True,0.14,2025-01-01,,,energy,,,,,,
3e9a7ab2-22b9-4b4b-82ce-a89740d99895,Göteborg Energi Nät,2,True,0.18,2025-01-01,,,energy,,,,,,
7d0e1d31-8106-4516-a91f-5fbd4c0df4f7,Ellevio,3,True,0.16,2025-01-01,,,energy,,,,,,
36c49c05-7bba-4197-ae91-4a7d3edb59ae,Vattenfall Eldistribution,20,True,0.15,2025-01-01,,,energy,,,,,,
c379f24e-61eb-4620-af7e-e5be8cbb279b,Skellefteå Kraft Elnät,21,True,0.29,2025-01-01,,,energy,,,,,,
c1d547d4-f086-4756-b1c0-cf7b135f5f6b,Vattenfall Eldistribution,18,True,0.48,2025-01-01,,,energy,,,,,,
f1e79218-e995-4b34-9c47-259c61986aee,Kraftringen Nät,2,True,0.13,2025-01-01,,,energy,,,,,,
0b75a03d-6e59-4450-a278-0d0a2074014c,Jämtkraft Elnät,2,True,0.12,2025-01-01,,,energy,,,,,,
b6f1ed39-cb6b-4767-98a2-f998ffa4da54,Ellevio,1,True,0.16,2025-01-01,,,energy,,,,,,
2d657ebf-7e55-4d8a-9df9-48369b1caebb,Skellefteå Kraft Elnät,2,True,0.08,2025-01-01,,,energy,,,,,,
432efc78-9d09-422a-a8e8-0d7d62985acf,Göteborg Energi Nät,12,True,0.12,2025-01-01,,,energy,,,,,,
250ad69c-0431-4677-b233-09f982996079,E.ON Energidistribution,20,True,0.14,2025-01-01,,,energy,,,,,,
709d62b7-f36d-4714-9784-178a832e13d1,Skellefteå Kraft Elnät,23,True,0.08,2025-01-01,,,energy,,,,,,
b0c0aadb-e015-49b3-a852-7a3458d0d227,E.ON Energidistribution,7,True,0.46,2025-01-01,,,energy,,,,,,
777d1c9b-9b8a-455e-b4bf-089c389fe3b1,Göteborg Energi Nät,16,True,0.52,2025-01-01,,,energy,,,,,,
c491d419-574f-4981-8a4f-d283d8352407,Luleå Energi Elnät,21,True,0.32,2025-01-01,,,energy,,,,,,
0a197e2b-f1b6-428c-af0d-6b20b5b27e75,Ellevio,12,True,0.11,2025-01-01,,,energy,,,,,,
ddbc1954-2ef2-4831-a05c-e79acd71258d,Jämtkraft Elnät,0,True,0.12,2025-01-01,,,energy,,,,,,
9c3a43f5-9b4f-43a7-825d-7f70a6447641,Vattenfall Eldistribution,22,True,0.15,2025-01-01,,,energy,,,,,,
7cb64b89-99e5-4056-be04-0286567de7e2,Umeå Energi Elnät,9,True,0.31,2025-01-01,,,energy,,,,,,
32a00750-046c-4c0c-94e0-2c6524f74eca,Skellefteå Kraft Elnät,22,True,0.08,2025-01-01,,,energy,,,,,,
e7da5bb6-a844-4686-9e6f-d0de9979cea9,Jämtkraft Elnät,19,True,0.12,2025-01-01,,,energy,,,,,,
4110db82-7791-4079-bcdc-281e26d9ec3f,Kraftringen Nät,6,True,0.42,2025-01-01,,,energy,,,,,,
ea096b22-950c-4191-bc35-ccf8224978ec,Göteborg Energi Nät,6,True,0.52,2025-01-01,,,energy,,,,,,
96d5de81-6e39-47f4-851e-0e43943888dd,E.ON Energidistribution,17,True,0.46,2025-01-01,,,energy,,,,,,
9b6dce72-aebe-4d58-aeb8-500c0037dfbf,Umeå Energi Elnät,13,True,0.31,2025-01-01,,,energy,,,,,,
eb3b33aa-6709-4d84-918b-3d7acfd8e310,Skellefteå Kraft Elnät,17,True,0.29,2025-01-01,,,energy,,,,,,
4002469d-1db6-476e-a0ca-cdb7fbf05986,Kraftringen Nät,5,True,0.13,2025-01-01,,,energy,,,,,,
b3a1af67-3d19-457b-963f-8e764de441b3,Kraftringen Nät,23,True,0.13,2025-01-01,,,energy,,,,,,
cdc30a8a-d1ee-468a-aa1e-3aa3cfffe935,Skellefteå Kraft Elnät,18,True,0.29,2025-01-01,,,energy,,,,,,
63eb4ab6-1b31-4a6b-8f25-c628618f5cc0,Göteborg Energi Nät,15,True,0.52,2025-01-01,,,energy,,,,,,
59e70384-e613-46cd-a6d9-f4a1d87c253a,Skellefteå Kraft Elnät,8,True,0.29,2025-01-01,,,energy,,,,,,
2241cecd-caf8-4445-8166-bda4f79b196e,Skellefteå Kraft Elnät,5,True,0.08,2025-01-01,,,energy,,,,,,
de147cd9-e404-434f-92cd-e58a3521a052,Vattenfall Eldistribution,4,True,0.15,2025-01-01,,,energy,,,,,,
9cffdc4d-0374-43ef-8193-1823f8866827,Ellevio,19,True,0.51,2025-01-01,,,energy,,,,,,
0feca1dd-09a8-4fc8-9308-764beb73748a,Umeå Energi Elnät,8,True,0.31,2025-01-01,,,energy,,,,,,
84cd5f97-90ef-4336-9e4f-93ba9b324807,Luleå Energi Elnät,1,True,0.07,2025-01-01,,,energy,,,,,,
b89503af-504e-4a24-9874-1082fb5a03b7,Umeå Energi Elnät,12,True,0.31,2025-01-01,,,energy,,,,,,
bc2bcf1d-8708-4437-b7d3-bb1ec4dff021,Umeå Energi Elnät,2,True,0.085,2025-01-01,,,energy,,,,,,
38e0650d-81f8-4f64-8096-aec26cbe689d,Vattenfall Eldistribution,9,True,0.48,2025-01-01,,,energy,,,,,,
42198893-b534-4053-a60d-781f3487cfe7,Umeå Energi Elnät,20,True,0.31,2025-01-01,,,energy,,,,,,
7cd6b7c9-5463-47cd-a04f-5acac402a383,Vattenfall Eldistribution,10,True,0.48,2025-01-01,,,energy,,,,,,
67db87ab-da8a-4004-805e-858db3111153,Luleå Energi Elnät,7,True,0.07,2025-01-01,,,energy,,,,,,
c0d74cce-c45f-43aa-8c93-f2ecd6ebd5b3,Jämtkraft Elnät,13,True,0.38,2025-01-01,,,energy,,,,,,
425d6df2-dd28-4918-97c4-e1d2c45581e0,Luleå Energi Elnät,6,True,0.32,2025-01-01,,,energy,,,,,,
1be9e543-9b67-419e-8d59-4c651e2327fe,Göteborg Energi Nät,0,True,0.18,2025-01-01,,,energy,,,,,,
1beacc4e-eead-471d-847d-0341203fb310,E.ON Energidistribution,16,True,0.46,2025-01-01,,,energy,,,,,,
515b5ab4-5f96-46ed-ba41-de1176e7e715,Vattenfall Eldistribution,1,True,0.15,2025-01-01,,,energy,,,,,,
3fc93fbc-761d-4811-9ada-be716c36b2f1,Luleå Energi Elnät,13,True,0.32,2025-01-01,,,energy,,,,,,
181fe3c4-59e1-4372-a914-409a203d8025,Luleå Energi Elnät,12,True,0.32,2025-01-01,,,energy,,,,,,
d28481c7-b8d1-4285-a98b-6d7e8a1a86b4,Ellevio,23,True,0.16,2025-01-01,,,energy,,,,,,
5980a602-16e9-4991-90ba-0ff0f4c9cb6f,Vattenfall Eldistribution,8,True,0.48,2025-01-01,,,energy,,,,,,
8ae0a694-e83b-4f90-a1d3-b49701e10f53,Göteborg Energi Nät,3,True,0.12,2025-01-01,,,energy,,,,,,
b5d3b45b-9bae-4b77-8780-9da4fa49f57c,Kraftringen Nät,3,True,0.13,2025-01-01,,,energy,,,,,,
028e53f3-aea6-4e89-a725-188254f2bec7,Ellevio,20,True,0.51,2025-01-01,,,energy,,,,,,
9ed59368-50aa-466f-8f1d-a19b187bd63a,Umeå Energi Elnät,0,True,0.085,2025-01-01,,,energy,,,,,,
6f773b47-3f69-4e1f-bc51-be1134e5635b,Umeå Energi Elnät,11,True,0.31,2025-01-01,,,energy,,,,,,
9f971f21-67b3-4088-9508-196147c9ea54,Göteborg Energi Nät,21,True,0.52,2025-01-01,,,energy,,,,,,
27f96a69-d68d-4be0-bf14-9a3db89b1062,Jämtkraft Elnät,4,True,0.12,2025-01-01,,,energy,,,,,,
ab8fa243-3630-4845-8e75-9c9356da7594,Umeå Energi Elnät,23,True,0.085,2025-01-01,,,energy,,,,,,
54bbcca6-7c23-4336-9094-d8ee3adb2b78,Vattenfall Eldistribution,19,True,0.15,2025-01-01,,,energy,,,,,,
e916b928-0094-415b-b35a-eb745e9e33e4,Luleå Energi Elnät,10,True,0.32,2025-01-01,,,energy,,,,,,
d32ded62-8cde-4d85-8f94-2d9e2340c635,Jämtkraft Elnät,23,True,0.12,2025-01-01,,,energy,,,,,,
469840bc-f5e3-4578-b167-27ecc94f16ca,E.ON Energidistribution,21,True,0.14,2025-01-01,,,energy,,,,,,
03f5c9a0-f571-4fc4-8151-66a7aef414a4,Luleå Energi Elnät,19,True,0.32,2025-01-01,,,energy,,,,,,
2fb727ca-9b95-4e4b-972f-f0676d1c9c4f,Luleå Energi Elnät,16,True,0.07,2025-01-01,,,energy,,,,,,
bc9fabba-e526-4f6f-b203-510521a43289,Jämtkraft Elnät,12,True,0.38,2025-01-01,,,energy,,,,,,
4f69ba34-388c-4db2-afec-8ca70240d041,Jämtkraft Elnät,17,True,0.38,2025-01-01,,,energy,,,,,,
29b04410-27c9-4e6c-8be9-debac4aeba93,E.ON Energidistribution,18,True,0.46,2025-01-01,,,energy,,,,,,
ae0a75ee-7886-4967-a1b9-76b487d2b748,Göteborg Energi Nät,22,True,0.18,2025-01-01,,,energy,,,,,,
752993b5-54aa-4e51-a6cb-283bb5ca8294,Jämtkraft Elnät,5,True,0.12,2025-01-01,,,energy,,,,,,
bdf864d4-abcf-4523-a2e0-940904af30f0,E.ON Energidistribution,19,True,0.14,2025-01-01,,,energy,,,,,,
a63e9100-f51f-461a-8185-f9d7de9e0186,Umeå Energi Elnät,5,True,0.085,2025-01-01,,,energy,,,,,,
5ac0ba2a-b62a-4f66-8e7a-15118433af1b,Luleå Energi Elnät,8,True,0.07,2025-01-01,,,energy,,,,,,
a0746530-c945-4248-ba86-6c09c5db888b,Ellevio,21,True,0.51,2025-01-01,,,energy,,,,,,
1decad41-9d10-411a-b418-9474dbf356f6,Umeå Energi Elnät,1,True,0.085,2025-01-01,,,energy,,,,,,
951b1a3e-23ba-40e3-afdf-fc0d44b95b3c,Umeå Energi Elnät,4,True,0.085,2025-01-01,,,energy,,,,,,
4bc79c41-a71a-4afd-a665-a81cc648235f,Vattenfall Eldistribution,7,True,0.48,2025-01-01,,,energy,,,,,,
4bf89178-65d4-4daf-ae15-8198f4b2f298,Vattenfall Eldistribution,12,True,0.48,2025-01-01,,,energy,,,,,,
d1797b4a-4180-4a5b-9a0b-956b152fabb6,Kraftringen Nät,8,True,0.42,2025-01-01,,,energy,,,,,,
578222b4-7ef0-4410-b1fa-e0bd24ed6108,Göteborg Energi Nät,19,True,0.52,2025-01-01,,,energy,,,,,,
03f540b1-3fda-4374-9b79-8f7785805a39,E.ON Energidistribution,0,True,0.14,2025-01-01,,,energy,,,,,,
263ddcc1-b471-4e43-b591-caa1c1a27263,Göteborg Energi Nät,23,True,0.12,2025-01-01,,,energy,,,,,,
a87e7f19-1aeb-4375-91ea-6368a07a546c,Jämtkraft Elnät,16,True,0.38,2025-01-01,,,energy,,,,,,
a8008812-ddfd-42b5-9cc6-c5cb2410f588,Ellevio,22,True,0.16,2025-01-01,,,energy,,,,,,
47346e1b-1bbc-4029-b6a9-09e803a6f6c3,Göteborg Energi Nät,13,True,0.52,2025-01-01,,,energy,,,,,,
30541eb9-7812-4ce3-b98c-74d8da74be3d,Umeå Energi Elnät,18,True,0.31,2025-01-01,,,energy,,,,,,
9adb7bf3-b8dc-4279-b0b1-a3eb2702c378,Umeå Energi Elnät,21,True,0.31,2025-01-01,,,energy,,,,,,
